File Name,Original Size (MB),TIC,PIC,gzip,bzip2,lz4
f1.txt,50.000,1.828,1.653,2.742,3.716,1.656
f2.txt,100.000,1.822,1.646,2.861,3.848,1.736
f3.txt,137.000,1.821,1.646,2.854,3.837,1.731
f4.txt,150.000,1.819,1.644,2.844,3.829,1.724
f5.txt,200.000,1.818,1.641,2.827,3.818,1.711
f6.txt,347.000,1.819,1.642,2.793,3.778,1.689
f7.txt,400.000,1.819,1.642,2.791,3.776,1.688
f8.txt,500.000,1.818,1.639,2.789,3.784,1.687
f9.txt,634.000,1.818,1.640,2.793,3.792,1.690
f10.txt,769.000,1.780,1.591,2.781,3.756,1.684
Average,,1.816,1.638,2.807,3.793,1.700
