dataset,target_mb,target_bytes,actual_bytes,actual_mb,source_corpus,source_files,construction,sha256,notes
f1.txt,50,52428800,unavailable,unavailable,Standard Ebooks -> Project Gutenberg (read in that order),unavailable,nested; exact-trim; make_combined_text_files.py,unavailable,dataset not present locally
f2.txt,100,104857600,unavailable,unavailable,Standard Ebooks -> Project Gutenberg (read in that order),unavailable,nested; exact-trim; make_combined_text_files.py,unavailable,dataset not present locally
f3.txt,137,143654912,unavailable,unavailable,Standard Ebooks -> Project Gutenberg (read in that order),unavailable,nested; exact-trim; make_combined_text_files.py,unavailable,dataset not present locally
f4.txt,150,157286400,unavailable,unavailable,Standard Ebooks -> Project Gutenberg (read in that order),unavailable,nested; exact-trim; make_combined_text_files.py,unavailable,dataset not present locally
f5.txt,200,209715200,unavailable,unavailable,Standard Ebooks -> Project Gutenberg (read in that order),unavailable,nested; exact-trim; make_combined_text_files.py,unavailable,dataset not present locally
f6.txt,347,363855872,unavailable,unavailable,Standard Ebooks -> Project Gutenberg (read in that order),unavailable,nested; exact-trim; make_combined_text_files.py,unavailable,dataset not present locally
f7.txt,400,419430400,unavailable,unavailable,Standard Ebooks -> Project Gutenberg (read in that order),unavailable,nested; exact-trim; make_combined_text_files.py,unavailable,dataset not present locally
f8.txt,500,524288000,unavailable,unavailable,Standard Ebooks -> Project Gutenberg (read in that order),unavailable,nested; exact-trim; make_combined_text_files.py,unavailable,dataset not present locally
f9.txt,634,664797184,unavailable,unavailable,Standard Ebooks -> Project Gutenberg (read in that order),unavailable,nested; exact-trim; make_combined_text_files.py,unavailable,dataset not present locally
f10.txt,769,806354944,unavailable,unavailable,Standard Ebooks -> Project Gutenberg (read in that order),unavailable,nested; exact-trim; make_combined_text_files.py,unavailable,dataset not present locally
file-parallel.txt,unavailable,unavailable,unavailable,unavailable,unavailable,unavailable,unavailable,unavailable,"Parallel benchmark input for run_parallel_benchmarks.py. HISTORICAL PROVENANCE UNKNOWN: no script in this repository produces it, it was never tracked in Git, and no documentation describes it. Size, source corpus and construction are deliberately left unavailable rather than inferred. Supply an input explicitly with --input. See docs/datasets.md section 7."
